{
    "QuestData": {
        "ActiveQuests": [
        ],
        "CompletedQuests": [
        ]
    },
    "jacket": 0,
    "FactionData": [
    ],
    "face": 0,
    "ItemGiverChained": [
    ],
    "ScriptStoreddata": {
    },
    "hair": 0,
    "ItemGiversList": [
    ],
    "TransportData": [
    ],
    "DialogData": [
    ],
    "PlayerCompanionId": 0,
    "body": 0,
    "isActive": 0b,
    "bodyColor": 0,
    "NpcsTimers": [
    ],
    "shoes": 0,
    "leg": 0,
    "PlayerName": "SolisLOOL",
    "isMale": 0b,
    "UUID": "43227e2e-0593-35ab-922d-e6721ba0cf71",
    "eyesColor": 0,
    "MailData": [
    ],
    "BankData": [
    ],
    "peculiarities": [I;],
    "hairColor": 0
}
