{"stats":{"minecraft:killed_by":{"minecraft:player":1},"minecraft:custom":{"minecraft:jump":77,"minecraft:time_since_rest":3420,"minecraft:damage_taken":264,"minecraft:walk_one_cm":44802,"minecraft:damage_dealt":112,"minecraft:crouch_one_cm":84,"minecraft:leave_game":4,"minecraft:sprint_one_cm":34292,"minecraft:play_time":14444,"minecraft:time_since_death":3411,"minecraft:walk_on_water_one_cm":125,"minecraft:deaths":1,"minecraft:sneak_time":54,"minecraft:total_world_time":14444,"minecraft:walk_under_water_one_cm":47,"minecraft:swim_one_cm":2458,"minecraft:fall_one_cm":962,"minecraft:fly_one_cm":16660}},"DataVersion":3465}