{"stats":{"minecraft:killed_by":{"minecraft:player":1},"minecraft:custom":{"minecraft:jump":319,"minecraft:time_since_rest":10516,"minecraft:leave_game":1,"minecraft:damage_dealt":642,"minecraft:crouch_one_cm":55,"minecraft:deaths":1,"minecraft:sprint_one_cm":57546,"minecraft:play_time":17631,"minecraft:damage_taken":2708,"minecraft:time_since_death":10507,"minecraft:walk_one_cm":59756,"minecraft:sneak_time":71,"minecraft:total_world_time":17631,"minecraft:fall_one_cm":4244,"minecraft:fly_one_cm":83036}},"DataVersion":3465}