{"stats":{"minecraft:dropped":{"minecraft:sweet_berries":22,"minecraft:wheat_seeds":2},"minecraft:picked_up":{"minecraft:sweet_berries":106,"minecraft:wheat_seeds":2,"minecraft:soul_lantern":1,"minecraft:white_bed":1,"minecraft:yellow_bed":10,"minecraft:dirt":676,"minecraft:oxeye_daisy":12},"minecraft:killed_by":{"minecraft:player":4},"minecraft:used":{"minecraft:oxeye_daisy":11,"minecraft:dirt":676,"minecraft:sweet_berries":84,"minecraft:yellow_bed":9,"minecraft:white_bed":1},"minecraft:custom":{"minecraft:time_since_rest":399,"minecraft:crouch_one_cm":31440,"minecraft:sprint_one_cm":981597,"minecraft:play_time":401157,"minecraft:damage_taken":20127,"minecraft:walk_one_cm":1135049,"minecraft:deaths":11,"minecraft:sneak_time":10880,"minecraft:walk_under_water_one_cm":7094,"minecraft:drop":3,"minecraft:jump":7148,"minecraft:damage_dealt":306,"minecraft:leave_game":40,"minecraft:time_since_death":393,"minecraft:walk_on_water_one_cm":51737,"minecraft:total_world_time":401157,"minecraft:climb_one_cm":10385,"minecraft:swim_one_cm":87185,"minecraft:fall_one_cm":135560,"minecraft:fly_one_cm":1755496},"minecraft:mined":{"minecraft:large_fern":2,"minecraft:grass":7,"minecraft:grass_block":297,"minecraft:white_bed":1,"minecraft:dirt":402,"minecraft:tall_grass":1,"minecraft:sweet_berry_bush":2,"minecraft:oxeye_daisy":12,"minecraft:yellow_bed":16}},"DataVersion":3465}