{"stats":{"minecraft:custom":{"minecraft:jump":550,"minecraft:time_since_rest":63521,"minecraft:damage_taken":3547,"minecraft:walk_one_cm":216157,"minecraft:damage_dealt":1165,"minecraft:crouch_one_cm":11576,"minecraft:leave_game":13,"minecraft:sprint_one_cm":296584,"minecraft:play_time":238166,"minecraft:time_since_death":63516,"minecraft:walk_on_water_one_cm":5666,"minecraft:deaths":3,"minecraft:sneak_time":12027,"minecraft:total_world_time":238166,"minecraft:climb_one_cm":1719,"minecraft:walk_under_water_one_cm":1801,"minecraft:swim_one_cm":7465,"minecraft:fall_one_cm":3681,"minecraft:fly_one_cm":96840},"minecraft:killed_by":{"minecraft:player":3},"minecraft:used":{"minecraft:cooked_beef":1}},"DataVersion":3465}