{"stats":{"minecraft:used":{"minecraft:writable_book":2},"minecraft:custom":{"minecraft:jump":544,"minecraft:time_since_rest":1305,"minecraft:damage_dealt":20,"minecraft:crouch_one_cm":851,"minecraft:leave_game":11,"minecraft:sprint_one_cm":191555,"minecraft:play_time":96128,"minecraft:damage_taken":340,"minecraft:time_since_death":96128,"minecraft:walk_one_cm":310622,"minecraft:sleep_in_bed":3,"minecraft:sneak_time":565,"minecraft:total_world_time":96128,"minecraft:interact_with_lectern":1,"minecraft:fly_one_cm":573716}},"DataVersion":3465}