{"stats":{"minecraft:custom":{"minecraft:jump":156,"minecraft:time_since_rest":9993,"minecraft:leave_game":1,"minecraft:crouch_one_cm":54,"minecraft:interact_with_furnace":1,"minecraft:sprint_one_cm":27057,"minecraft:play_time":9993,"minecraft:damage_taken":70,"minecraft:time_since_death":9993,"minecraft:walk_one_cm":17284,"minecraft:sneak_time":794,"minecraft:total_world_time":9993,"minecraft:interact_with_crafting_table":1,"minecraft:fall_one_cm":3285,"minecraft:fly_one_cm":37753}},"DataVersion":3465}