{"stats":{"minecraft:custom":{"minecraft:time_since_rest":366958,"minecraft:damage_taken":80,"minecraft:sprint_one_cm":82148,"minecraft:walk_one_cm":132828,"minecraft:drop":1,"minecraft:swim_one_cm":2037,"minecraft:fly_one_cm":5827686,"minecraft:crouch_one_cm":1960,"minecraft:play_time":366958,"minecraft:sneak_time":10088,"minecraft:walk_under_water_one_cm":32038,"minecraft:jump":895,"minecraft:leave_game":3,"minecraft:time_since_death":366958,"minecraft:walk_on_water_one_cm":9735,"minecraft:total_world_time":366958,"minecraft:climb_one_cm":319,"minecraft:fall_one_cm":1147},"minecraft:picked_up":{"minecraft:cooked_beef":16,"minecraft:sand":5,"minecraft:red_banner":4,"minecraft:light":1,"minecraft:nether_bricks":1},"minecraft:dropped":{"minecraft:nether_bricks":1},"minecraft:used":{"minecraft:diorite_stairs":38,"minecraft:jungle_leaves":86,"minecraft:water_bucket":39,"minecraft:light":167,"minecraft:black_concrete":1,"minecraft:nether_brick_wall":1,"minecraft:lava_bucket":1055,"minecraft:mangrove_stairs":23,"minecraft:bone_block":29,"minecraft:lantern":3,"minecraft:cracked_polished_blackstone_bricks":1,"minecraft:grass_block":30,"minecraft:red_stained_glass":15,"minecraft:warped_fence":8,"minecraft:warped_slab":195,"minecraft:polished_blackstone":1,"minecraft:mangrove_planks":139,"minecraft:red_nether_bricks":91,"minecraft:verdant_froglight":13,"minecraft:blackstone":144,"minecraft:cracked_nether_bricks":26,"minecraft:red_terracotta":86,"minecraft:tinted_glass":20,"minecraft:stone":28,"minecraft:mangrove_fence":1,"minecraft:red_nether_brick_stairs":4,"minecraft:chiseled_nether_bricks":1,"minecraft:diorite_wall":5,"minecraft:gilded_blackstone":14,"minecraft:netherrack":105,"minecraft:smooth_basalt":47,"minecraft:blackstone_slab":81,"minecraft:polished_blackstone_bricks":1,"minecraft:smooth_quartz_stairs":45,"minecraft:coal_block":159,"minecraft:stripped_mangrove_log":182,"minecraft:basalt":31,"minecraft:jungle_wood":26,"minecraft:cocoa_beans":5,"minecraft:red_nether_brick_wall":7,"minecraft:ancient_debris":90,"minecraft:warped_stairs":448,"minecraft:sand":105,"minecraft:magma_block":243,"minecraft:mangrove_trapdoor":74,"minecraft:yellow_terracotta":97,"minecraft:mangrove_slab":49,"minecraft:nether_bricks":1005,"minecraft:warped_fence_gate":13,"minecraft:crimson_hyphae":99,"minecraft:red_banner":30,"minecraft:chain":4,"minecraft:nether_brick_slab":1,"minecraft:pink_terracotta":1,"minecraft:cooked_beef":3,"minecraft:ochre_froglight":9,"minecraft:pearlescent_froglight":34,"minecraft:orange_stained_glass_pane":6,"minecraft:warped_planks":1,"minecraft:nether_brick_stairs":251,"minecraft:splash_potion":8,"minecraft:milk_bucket":6,"minecraft:gray_stained_glass":11}},"DataVersion":3465}