{"stats":{"minecraft:killed_by":{"minecraft:player":1},"minecraft:custom":{"minecraft:jump":109,"minecraft:interact_with_brewingstand":1,"minecraft:time_since_rest":27238,"minecraft:damage_taken":1547,"minecraft:crouch_one_cm":111,"minecraft:leave_game":5,"minecraft:sprint_one_cm":11214,"minecraft:play_time":32208,"minecraft:walk_one_cm":22594,"minecraft:time_since_death":27197,"minecraft:deaths":1,"minecraft:sneak_time":65,"minecraft:total_world_time":32208,"minecraft:fall_one_cm":811,"minecraft:fly_one_cm":30302}},"DataVersion":3465}