{"stats":{"minecraft:used":{"minecraft:writable_book":4},"minecraft:dropped":{"minecraft:writable_book":4},"minecraft:picked_up":{"minecraft:writable_book":4},"minecraft:custom":{"minecraft:jump":38,"minecraft:time_since_rest":33215,"minecraft:sprint_one_cm":2981,"minecraft:leave_game":2,"minecraft:play_time":33215,"minecraft:damage_taken":140,"minecraft:time_since_death":33215,"minecraft:walk_one_cm":56646,"minecraft:sneak_time":187,"minecraft:total_world_time":33215,"minecraft:fall_one_cm":786,"minecraft:drop":4,"minecraft:fly_one_cm":9951}},"DataVersion":3465}