{"stats":{"minecraft:custom":{"minecraft:interact_with_anvil":1,"minecraft:mob_kills":1,"minecraft:leave_game":48,"minecraft:time_since_death":491315,"minecraft:climb_one_cm":229,"minecraft:sprint_one_cm":520764,"minecraft:walk_one_cm":426923,"minecraft:drop":101,"minecraft:play_time":1777392,"minecraft:deaths":5,"minecraft:sneak_time":72961,"minecraft:walk_under_water_one_cm":7226,"minecraft:jump":3792,"minecraft:walk_on_water_one_cm":11493,"minecraft:total_world_time":1777392,"minecraft:interact_with_cartography_table":6,"minecraft:time_since_rest":491316,"minecraft:open_enderchest":1,"minecraft:damage_taken":9592,"minecraft:damage_dealt":273,"minecraft:swim_one_cm":1111,"minecraft:fly_one_cm":36802594,"minecraft:open_chest":5,"minecraft:crouch_one_cm":13829,"minecraft:fall_one_cm":77746},"minecraft:used":{"minecraft:oak_trapdoor":5,"minecraft:azalea":21,"minecraft:oak_fence":9,"minecraft:purpur_block":1,"minecraft:moss_carpet":8,"minecraft:cherry_wood":16,"minecraft:flint_and_steel":2,"minecraft:redstone":13,"minecraft:spruce_slab":31,"minecraft:ladder":1,"minecraft:white_concrete_powder":8,"minecraft:spruce_planks":150,"minecraft:chest":1,"minecraft:tinted_glass":28,"minecraft:ender_chest":1,"minecraft:stone":381,"minecraft:wooden_shovel":2,"minecraft:stripped_birch_wood":2,"minecraft:mossy_stone_brick_slab":3,"minecraft:cooked_chicken":1,"minecraft:soul_campfire":1,"minecraft:spruce_leaves":823,"minecraft:bee_spawn_egg":1,"minecraft:ancient_debris":1,"minecraft:soul_sand":2,"minecraft:dirt":182,"minecraft:anvil":1,"minecraft:white_carpet":17,"minecraft:spruce_stairs":60,"minecraft:cobblestone_wall":1,"minecraft:crimson_hyphae":22,"minecraft:stone_stairs":30,"minecraft:oak_wood":16,"minecraft:golden_shovel":1,"minecraft:tuff":7,"minecraft:spruce_fence":91,"minecraft:milk_bucket":1,"minecraft:polished_deepslate_stairs":114,"minecraft:andesite_wall":4,"minecraft:polished_blackstone_slab":8,"minecraft:glass":18,"minecraft:flowering_azalea":1,"minecraft:coal_ore":1,"minecraft:jungle_fence_gate":1,"minecraft:red_wool":326,"minecraft:warped_hyphae":13,"minecraft:spruce_wood":27,"minecraft:muddy_mangrove_roots":22,"minecraft:grass_block":1712,"minecraft:rooted_dirt":1,"minecraft:spruce_button":15,"minecraft:packed_mud":20,"minecraft:smooth_sandstone":11,"minecraft:polished_andesite_stairs":14,"minecraft:quartz_block":57,"minecraft:dark_oak_leaves":2,"minecraft:dark_oak_slab":4,"minecraft:dark_oak_button":15,"minecraft:mud_bricks":5,"minecraft:stone_brick_stairs":1,"minecraft:stone_bricks":6,"minecraft:item_frame":110,"minecraft:netherite_boots":1,"minecraft:basalt":32,"minecraft:reinforced_deepslate":5,"minecraft:magma_block":4,"minecraft:repeater":8,"minecraft:golden_carrot":20,"minecraft:brown_carpet":18,"minecraft:pitcher_plant":24,"minecraft:deepslate_tile_stairs":43,"minecraft:gold_block":1164,"minecraft:cooked_beef":5,"minecraft:orange_terracotta":1,"minecraft:stripped_spruce_wood":1,"minecraft:pointed_dripstone":6,"minecraft:calcite":2,"minecraft:dark_oak_stairs":48,"minecraft:water_bucket":15,"minecraft:diorite":1,"minecraft:dirt_path":158,"minecraft:snow_block":8,"minecraft:dark_oak_hanging_sign":2,"minecraft:birch_planks":327,"minecraft:birch_leaves":27,"minecraft:dark_oak_sign":3,"minecraft:blackstone":3,"minecraft:cartography_table":5,"minecraft:andesite_slab":4,"minecraft:polished_diorite_slab":1,"minecraft:cherry_planks":76,"minecraft:sandstone":32,"minecraft:white_dye":1,"minecraft:glow_ink_sac":1,"minecraft:spruce_fence_gate":8,"minecraft:oak_leaves":1558,"minecraft:white_wool":96,"minecraft:waxed_exposed_copper":1,"minecraft:golden_apple":1,"minecraft:diamond_block":19,"minecraft:sand":20,"minecraft:stripped_dark_oak_log":17,"minecraft:terracotta":309,"minecraft:oak_slab":1,"minecraft:bamboo_block":1,"minecraft:campfire":2,"minecraft:light_gray_concrete_powder":24,"minecraft:dripstone_block":11,"minecraft:end_stone":3,"minecraft:cobbled_deepslate_stairs":40,"minecraft:spruce_log":22,"minecraft:mushroom_stem":5,"minecraft:deepslate_brick_stairs":7,"minecraft:birch_fence":1,"minecraft:redstone_torch":12,"minecraft:oak_log":14,"minecraft:amethyst_cluster":1,"minecraft:sticky_piston":14,"minecraft:mud":1,"minecraft:lever":6,"minecraft:diamond_shovel":18,"minecraft:birch_fence_gate":3,"minecraft:birch_slab":116,"minecraft:light_gray_concrete":3,"minecraft:mangrove_propagule":12,"minecraft:verdant_froglight":99,"minecraft:string":11,"minecraft:stone_button":8,"minecraft:map":5,"minecraft:netherite_axe":1,"minecraft:jungle_stairs":1,"minecraft:cracked_nether_bricks":2,"minecraft:stone_slab":3,"minecraft:red_terracotta":248,"minecraft:spruce_trapdoor":26,"minecraft:gravel":21,"minecraft:deepslate":4,"minecraft:yellow_wool":16,"minecraft:polished_andesite_slab":27,"minecraft:stripped_warped_hyphae":20,"minecraft:coal_block":2,"minecraft:fishing_rod":7,"minecraft:wooden_sword":3,"minecraft:suspicious_gravel":6,"minecraft:cobblestone":49,"minecraft:potion":1,"minecraft:cobbled_deepslate_slab":8,"minecraft:andesite":13,"minecraft:magenta_glazed_terracotta":4,"minecraft:glass_pane":1,"minecraft:smooth_stone_slab":31,"minecraft:white_concrete":3,"minecraft:coarse_dirt":22,"minecraft:smooth_stone":27,"minecraft:splash_potion":23,"minecraft:soul_torch":5},"minecraft:dropped":{"minecraft:water_bucket":1,"minecraft:birch_planks":1,"minecraft:cooked_beef":69,"minecraft:oak_log":2,"minecraft:netherite_axe":1,"minecraft:stripped_birch_wood":1,"minecraft:mangrove_propagule":1,"minecraft:cobblestone":3,"minecraft:warped_hyphae":1,"minecraft:jungle_planks":1,"minecraft:red_wool":1,"minecraft:stripped_jungle_log":1,"minecraft:grass_block":10,"minecraft:birch_slab":64,"minecraft:item_frame":131,"minecraft:gold_block":1,"minecraft:flint":1,"minecraft:stripped_warped_hyphae":1,"minecraft:jungle_slab":2,"minecraft:packed_mud":1,"minecraft:dirt":6,"minecraft:dark_oak_leaves":1,"minecraft:deepslate_brick_stairs":1,"minecraft:birch_fence":64,"minecraft:milk_bucket":2,"minecraft:golden_carrot":64,"minecraft:torch":64,"minecraft:wooden_axe":1,"minecraft:map":1,"minecraft:sand":1,"minecraft:verdant_froglight":2,"minecraft:mud":1,"minecraft:white_wool":1,"minecraft:stone_axe":1,"minecraft:moss_carpet":1,"minecraft:player_head":1,"minecraft:soul_torch":64,"minecraft:polished_andesite_slab":1,"minecraft:cooked_chicken":64,"minecraft:smooth_stone_slab":1,"minecraft:tinted_glass":1,"minecraft:deepslate":1,"minecraft:stone_slab":1,"minecraft:stone_stairs":1,"minecraft:glass_pane":63,"minecraft:birch_fence_gate":1,"minecraft:diamond_sword":3,"minecraft:filled_map":4,"minecraft:stone":2,"minecraft:orange_terracotta":1,"minecraft:oak_wood":1,"minecraft:jungle_stairs":1,"minecraft:spruce_wood":2,"minecraft:golden_sword":1,"minecraft:redstone_torch":1,"minecraft:stone_bricks":1,"minecraft:spruce_slab":1,"minecraft:glass":2,"minecraft:white_concrete_powder":2,"minecraft:oak_leaves":6,"minecraft:light_gray_concrete_powder":1},"minecraft:mined":{"minecraft:pointed_dripstone":2,"minecraft:pitcher_plant":14,"minecraft:grass":6},"minecraft:killed":{"minecraft:bee":1},"minecraft:picked_up":{"minecraft:mud":1,"minecraft:stone_slab":1,"minecraft:diamond_sword":1,"minecraft:gold_block":1,"minecraft:golden_sword":1,"minecraft:moss_carpet":9,"minecraft:stone_stairs":1,"minecraft:item_frame":75,"minecraft:activator_rail":108,"minecraft:redstone_torch":1,"minecraft:stone":1,"minecraft:pointed_dripstone":2,"minecraft:redstone":2,"minecraft:cobblestone":1,"minecraft:cooked_beef":70,"minecraft:filled_map":6,"minecraft:packed_mud":1,"minecraft:oak_log":1,"minecraft:dirt":2,"minecraft:light_gray_concrete_powder":1,"minecraft:orange_terracotta":1,"minecraft:wheat_seeds":4,"minecraft:debug_stick":1,"minecraft:milk_bucket":1,"minecraft:pitcher_plant":14,"minecraft:sand":13,"minecraft:grass_block":2,"minecraft:lever":1,"minecraft:dark_oak_hanging_sign":1,"minecraft:oak_sapling":1,"minecraft:oak_leaves":3}},"DataVersion":3465}