{"stats":{"minecraft:custom":{"minecraft:jump":21,"minecraft:time_since_rest":9260,"minecraft:damage_taken":220,"minecraft:crouch_one_cm":86,"minecraft:leave_game":2,"minecraft:sprint_one_cm":8867,"minecraft:play_time":9260,"minecraft:time_since_death":9260,"minecraft:walk_on_water_one_cm":19,"minecraft:walk_one_cm":7613,"minecraft:sneak_time":174,"minecraft:total_world_time":9260,"minecraft:walk_under_water_one_cm":159,"minecraft:fall_one_cm":908,"minecraft:fly_one_cm":112515}},"DataVersion":3465}