{"stats":{"minecraft:picked_up":{"minecraft:cooked_beef":75,"minecraft:feather":1,"minecraft:chicken":4,"minecraft:dandelion":3,"minecraft:filled_map":3,"minecraft:porkchop":4,"minecraft:white_banner":1,"minecraft:writable_book":36,"minecraft:painting":1,"minecraft:mutton":1,"minecraft:white_wool":1,"minecraft:egg":1},"minecraft:used":{"minecraft:writable_book":9,"minecraft:written_book":2,"minecraft:white_banner":1,"minecraft:cooked_beef":12},"minecraft:dropped":{"minecraft:filled_map":4,"minecraft:writable_book":69,"minecraft:written_book":1},"minecraft:killed":{"minecraft:sheep":1},"minecraft:killed_by":{"minecraft:player":3},"minecraft:custom":{"minecraft:time_since_rest":2076,"minecraft:sprint_one_cm":520132,"minecraft:damage_taken":6739,"minecraft:walk_one_cm":254880,"minecraft:mob_kills":1,"minecraft:drop":74,"minecraft:damage_dealt":1669,"minecraft:swim_one_cm":99640,"minecraft:talked_to_villager":2,"minecraft:fly_one_cm":1588281,"minecraft:player_kills":2,"minecraft:open_chest":18,"minecraft:crouch_one_cm":4377,"minecraft:play_time":476164,"minecraft:deaths":6,"minecraft:sneak_time":2309,"minecraft:walk_under_water_one_cm":17896,"minecraft:pot_flower":1,"minecraft:interact_with_lectern":2,"minecraft:jump":3182,"minecraft:leave_game":15,"minecraft:time_since_death":7286,"minecraft:walk_on_water_one_cm":12761,"minecraft:sleep_in_bed":1,"minecraft:climb_one_cm":4067,"minecraft:total_world_time":476164,"minecraft:fall_one_cm":33921},"minecraft:mined":{"minecraft:white_banner":1}},"DataVersion":3465}