{"stats":{"minecraft:used":{"minecraft:sweet_berries":17},"minecraft:dropped":{"minecraft:sweet_berries":3},"minecraft:picked_up":{"minecraft:sweet_berries":57},"minecraft:custom":{"minecraft:jump":323,"minecraft:time_since_rest":62178,"minecraft:leave_game":1,"minecraft:damage_dealt":10,"minecraft:crouch_one_cm":301,"minecraft:walk_on_water_one_cm":2582,"minecraft:sprint_one_cm":45617,"minecraft:play_time":62178,"minecraft:damage_taken":488,"minecraft:time_since_death":62178,"minecraft:walk_one_cm":56583,"minecraft:sneak_time":49,"minecraft:total_world_time":62178,"minecraft:walk_under_water_one_cm":441,"minecraft:drop":3,"minecraft:swim_one_cm":269,"minecraft:fall_one_cm":4611,"minecraft:fly_one_cm":90757}},"DataVersion":3465}