{"stats":{"minecraft:picked_up":{"minecraft:painting":1},"minecraft:killed_by":{"minecraft:player":5},"minecraft:custom":{"minecraft:jump":3257,"minecraft:open_chest":4,"minecraft:time_since_rest":140156,"minecraft:damage_taken":8314,"minecraft:walk_one_cm":311213,"minecraft:damage_dealt":1212,"minecraft:crouch_one_cm":4293,"minecraft:leave_game":9,"minecraft:sprint_one_cm":646938,"minecraft:play_time":1997053,"minecraft:time_since_death":140153,"minecraft:walk_on_water_one_cm":612,"minecraft:deaths":5,"minecraft:interact_with_beacon":1,"minecraft:sneak_time":1924,"minecraft:total_world_time":1997053,"minecraft:walk_under_water_one_cm":102,"minecraft:swim_one_cm":1132,"minecraft:fall_one_cm":25837,"minecraft:fly_one_cm":1256882}},"DataVersion":3465}