{"stats":{"minecraft:picked_up":{"minecraft:sweet_berries":12},"minecraft:used":{"minecraft:sweet_berries":12},"minecraft:custom":{"minecraft:jump":2126,"minecraft:open_chest":1,"minecraft:time_since_rest":354313,"minecraft:damage_taken":6292,"minecraft:walk_one_cm":264310,"minecraft:damage_dealt":110,"minecraft:crouch_one_cm":7765,"minecraft:leave_game":14,"minecraft:sprint_one_cm":422571,"minecraft:play_time":404377,"minecraft:time_since_death":354301,"minecraft:walk_on_water_one_cm":2114,"minecraft:deaths":1,"minecraft:sneak_time":4724,"minecraft:total_world_time":404377,"minecraft:walk_under_water_one_cm":2696,"minecraft:swim_one_cm":6173,"minecraft:fall_one_cm":52864,"minecraft:fly_one_cm":557556}},"DataVersion":3465}