{"stats":{"minecraft:custom":{"minecraft:jump":761,"minecraft:time_since_rest":41804,"minecraft:damage_taken":1807,"minecraft:walk_one_cm":115601,"minecraft:leave_game":4,"minecraft:damage_dealt":2293,"minecraft:crouch_one_cm":3504,"minecraft:sprint_one_cm":94647,"minecraft:time_since_death":41799,"minecraft:play_time":49380,"minecraft:walk_on_water_one_cm":55,"minecraft:deaths":1,"minecraft:sneak_time":776,"minecraft:total_world_time":49380,"minecraft:interact_with_lectern":2,"minecraft:fall_one_cm":1654,"minecraft:fly_one_cm":384341,"minecraft:player_kills":4},"minecraft:picked_up":{"minecraft:cooked_beef":32},"minecraft:used":{"minecraft:cooked_beef":5},"minecraft:killed_by":{"minecraft:player":1}},"DataVersion":3465}