{"stats":{"minecraft:custom":{"minecraft:time_since_rest":38166,"minecraft:open_chest":3,"minecraft:crouch_one_cm":29675,"minecraft:damage_taken":5809,"minecraft:play_time":369136,"minecraft:sprint_one_cm":743099,"minecraft:deaths":7,"minecraft:walk_one_cm":538395,"minecraft:sneak_time":8989,"minecraft:walk_under_water_one_cm":7834,"minecraft:drop":32,"minecraft:interact_with_lectern":2,"minecraft:jump":3715,"minecraft:damage_dealt":1440,"minecraft:leave_game":17,"minecraft:walk_on_water_one_cm":9010,"minecraft:time_since_death":38165,"minecraft:climb_one_cm":5200,"minecraft:total_world_time":369136,"minecraft:swim_one_cm":43966,"minecraft:fall_one_cm":11578,"minecraft:fly_one_cm":2039042},"minecraft:picked_up":{"minecraft:cooked_beef":195,"minecraft:writable_book":1,"minecraft:written_book":3,"minecraft:golden_sword":1,"minecraft:mangrove_propagule":1},"minecraft:broken":{"minecraft:golden_sword":1},"minecraft:dropped":{"minecraft:filled_map":1,"minecraft:writable_book":2,"minecraft:cooked_beef":136,"minecraft:written_book":4},"minecraft:used":{"minecraft:golden_sword":32,"minecraft:writable_book":6,"minecraft:terracotta":16,"minecraft:written_book":4,"minecraft:sandstone":1,"minecraft:cooked_beef":44,"minecraft:white_terracotta":15},"minecraft:killed_by":{"minecraft:player":7}},"DataVersion":3465}