{"stats":{"minecraft:picked_up":{"minecraft:written_book":3},"minecraft:used":{"minecraft:writable_book":5,"minecraft:written_book":6},"minecraft:dropped":{"minecraft:written_book":2},"minecraft:killed_by":{"minecraft:player":1},"minecraft:custom":{"minecraft:jump":349,"minecraft:leave_game":1,"minecraft:time_since_rest":19902,"minecraft:deaths":1,"minecraft:damage_taken":1328,"minecraft:damage_dealt":1276,"minecraft:crouch_one_cm":868,"minecraft:sprint_one_cm":31599,"minecraft:play_time":30581,"minecraft:time_since_death":19900,"minecraft:walk_one_cm":32423,"minecraft:sneak_time":183,"minecraft:total_world_time":30581,"minecraft:fall_one_cm":1019,"minecraft:drop":2,"minecraft:fly_one_cm":123489,"minecraft:player_kills":1}},"DataVersion":3465}