{"stats":{"minecraft:dropped":{"minecraft:cookie":5,"minecraft:writable_book":3,"minecraft:cooked_beef":6,"minecraft:written_book":6},"minecraft:picked_up":{"minecraft:cooked_beef":70,"minecraft:writable_book":2,"minecraft:written_book":2,"minecraft:cookie":1,"minecraft:iron_sword":1},"minecraft:killed_by":{"minecraft:player":3},"minecraft:used":{"minecraft:cookie":23,"minecraft:writable_book":7,"minecraft:written_book":2,"minecraft:iron_sword":45,"minecraft:cooked_beef":12},"minecraft:custom":{"minecraft:time_since_rest":202793,"minecraft:open_chest":1,"minecraft:crouch_one_cm":9164,"minecraft:damage_taken":2397,"minecraft:play_time":288713,"minecraft:sprint_one_cm":250657,"minecraft:walk_one_cm":175911,"minecraft:deaths":3,"minecraft:sneak_time":3286,"minecraft:walk_under_water_one_cm":271,"minecraft:drop":20,"minecraft:interact_with_lectern":3,"minecraft:jump":993,"minecraft:damage_dealt":3640,"minecraft:leave_game":11,"minecraft:walk_on_water_one_cm":166,"minecraft:time_since_death":202788,"minecraft:total_world_time":288713,"minecraft:swim_one_cm":1495,"minecraft:fall_one_cm":10762,"minecraft:fly_one_cm":459504,"minecraft:player_kills":7}},"DataVersion":3465}