{"stats":{"minecraft:used":{"minecraft:oak_fence":33,"minecraft:oak_trapdoor":21,"minecraft:jungle_leaves":47,"minecraft:iron_bars":29,"minecraft:waxed_weathered_copper":7,"minecraft:polished_deepslate":470,"minecraft:light_gray_stained_glass_pane":177,"minecraft:spruce_slab":330,"minecraft:oak_sign":6,"minecraft:light_gray_carpet":1,"minecraft:polished_basalt":12,"minecraft:black_carpet":1,"minecraft:stripped_warped_stem":3,"minecraft:white_concrete_powder":548,"minecraft:decorated_pot":2,"minecraft:spruce_planks":81,"minecraft:stone":419,"minecraft:stripped_jungle_wood":30,"minecraft:wooden_shovel":100,"minecraft:stripped_birch_wood":98,"minecraft:mossy_stone_brick_slab":383,"minecraft:green_terracotta":987,"minecraft:dirt":11,"minecraft:birch_pressure_plate":10,"minecraft:weathered_copper":2,"minecraft:prismarine_bricks":22,"minecraft:spruce_stairs":153,"minecraft:prismarine_brick_stairs":56,"minecraft:cobblestone_wall":9,"minecraft:deepslate_tile_slab":1,"minecraft:jungle_slab":4,"minecraft:stone_stairs":16,"minecraft:weathered_cut_copper_stairs":1,"minecraft:deepslate_brick_slab":471,"minecraft:acacia_sapling":1,"minecraft:jungle_trapdoor":7,"minecraft:spruce_fence":166,"minecraft:mud_brick_stairs":3,"minecraft:nether_brick_stairs":1,"minecraft:stripped_spruce_log":249,"minecraft:oak_fence_gate":7,"minecraft:polished_deepslate_stairs":1612,"minecraft:andesite_wall":220,"minecraft:jungle_sapling":1,"minecraft:polished_blackstone_slab":9,"minecraft:stone_brick_slab":15,"minecraft:dark_oak_planks":83,"minecraft:sea_lantern":10,"minecraft:netherite_shovel":6,"minecraft:stripped_dark_oak_wood":138,"minecraft:red_wool":112,"minecraft:grass_block":257,"minecraft:oak_stairs":5,"minecraft:polished_andesite_stairs":479,"minecraft:warped_fence":14,"minecraft:smooth_sandstone":7,"minecraft:polished_deepslate_wall":5,"minecraft:dark_oak_wood":47,"minecraft:dark_oak_slab":48,"minecraft:polished_blackstone_brick_stairs":2,"minecraft:diorite_wall":13,"minecraft:barrel":51,"minecraft:stone_brick_stairs":263,"minecraft:stone_bricks":103,"minecraft:spruce_hanging_sign":3,"minecraft:birch_button":13,"minecraft:birch_trapdoor":3,"minecraft:reinforced_deepslate":2,"minecraft:redstone_lamp":8,"minecraft:warped_stairs":2,"minecraft:iron_trapdoor":134,"minecraft:oak_sapling":9,"minecraft:oxidized_copper":1,"minecraft:deepslate_tile_stairs":179,"minecraft:polished_diorite_stairs":28,"minecraft:stone_pressure_plate":4,"minecraft:gray_banner":8,"minecraft:pearlescent_froglight":43,"minecraft:mossy_stone_brick_wall":360,"minecraft:polished_blackstone_stairs":9,"minecraft:dark_prismarine_stairs":3,"minecraft:bamboo_planks":362,"minecraft:stripped_spruce_wood":11,"minecraft:pointed_dripstone":2,"minecraft:mangrove_leaves":1,"minecraft:deepslate_brick_wall":1,"minecraft:dark_oak_stairs":210,"minecraft:mossy_stone_bricks":173,"minecraft:bamboo_mosaic":146,"minecraft:diorite":8,"minecraft:end_rod":2,"minecraft:end_stone_bricks":92,"minecraft:cobblestone_stairs":17,"minecraft:snow_block":234,"minecraft:spruce_door":16,"minecraft:warped_hanging_sign":2,"minecraft:prismarine_brick_slab":14,"minecraft:birch_planks":240,"minecraft:stripped_birch_log":1,"minecraft:polished_andesite":150,"minecraft:gray_carpet":23,"minecraft:dark_oak_sign":48,"minecraft:oak_planks":38,"minecraft:andesite_slab":17,"minecraft:copper_block":1,"minecraft:smooth_sandstone_slab":4,"minecraft:mossy_stone_brick_stairs":231,"minecraft:sandstone":22,"minecraft:composter":3,"minecraft:spruce_sign":14,"minecraft:spruce_fence_gate":94,"minecraft:deepslate_bricks":249,"minecraft:oak_leaves":731,"minecraft:cracked_stone_bricks":1,"minecraft:smooth_quartz_stairs":5,"minecraft:white_wool":459,"minecraft:polished_blackstone_pressure_plate":2,"minecraft:jungle_wood":1,"minecraft:dark_oak_trapdoor":689,"minecraft:polished_deepslate_slab":812,"minecraft:mossy_cobblestone":101,"minecraft:lime_terracotta":126,"minecraft:sand":33,"minecraft:stripped_dark_oak_log":1544,"minecraft:mangrove_trapdoor":2,"minecraft:oak_slab":19,"minecraft:crimson_trapdoor":1,"minecraft:brown_banner":9,"minecraft:bamboo_block":6,"minecraft:campfire":6,"minecraft:stone_brick_wall":180,"minecraft:end_stone":16,"minecraft:cobbled_deepslate_stairs":178,"minecraft:deepslate_brick_stairs":474,"minecraft:green_concrete":329,"minecraft:warped_trapdoor":163,"minecraft:stripped_jungle_log":6,"minecraft:dark_oak_log":49,"minecraft:warped_slab":2,"minecraft:verdant_froglight":2,"minecraft:stone_slab":16,"minecraft:spruce_trapdoor":324,"minecraft:spruce_sapling":5,"minecraft:prismarine_wall":37,"minecraft:polished_andesite_slab":815,"minecraft:soul_lantern":40,"minecraft:green_candle":7,"minecraft:chiseled_stone_bricks":82,"minecraft:cobblestone":253,"minecraft:cobbled_deepslate_slab":14,"minecraft:mud_brick_wall":123,"minecraft:stripped_oak_wood":185,"minecraft:dark_oak_fence":79,"minecraft:andesite":144,"minecraft:warped_fence_gate":11,"minecraft:sandstone_slab":48,"minecraft:andesite_stairs":81,"minecraft:birch_log":8,"minecraft:chain":12,"minecraft:smooth_stone_slab":287,"minecraft:mossy_cobblestone_wall":45,"minecraft:stripped_oak_log":201,"minecraft:white_concrete":106,"minecraft:oak_hanging_sign":1,"minecraft:bone_meal":141,"minecraft:smooth_stone":313},"minecraft:custom":{"minecraft:open_barrel":9,"minecraft:leave_game":21,"minecraft:time_since_death":1492678,"minecraft:sprint_one_cm":675538,"minecraft:walk_one_cm":1759397,"minecraft:drop":5,"minecraft:play_time":1492678,"minecraft:sneak_time":39746,"minecraft:walk_under_water_one_cm":2216,"minecraft:jump":1281,"minecraft:walk_on_water_one_cm":60696,"minecraft:total_world_time":1492678,"minecraft:time_since_rest":1492678,"minecraft:damage_taken":2409,"minecraft:fly_one_cm":9247168,"minecraft:crouch_one_cm":32312,"minecraft:fall_one_cm":10281},"minecraft:dropped":{"minecraft:dark_oak_stairs":1,"minecraft:jungle_wood":1,"minecraft:dirt":1,"minecraft:dark_oak_sign":1,"minecraft:barrel":1},"minecraft:picked_up":{"minecraft:jungle_sapling":1,"minecraft:stick":6,"minecraft:jungle_wood":1,"minecraft:wheat_seeds":1,"minecraft:dark_oak_sign":1,"minecraft:acacia_sapling":1,"minecraft:dark_oak_stairs":1,"minecraft:spruce_sapling":7,"minecraft:barrel":1,"minecraft:white_concrete_powder":7,"minecraft:soul_lantern":1,"minecraft:oak_sapling":8}},"DataVersion":3465}