{"stats":{"minecraft:picked_up":{"minecraft:pumpkin_seeds":2},"minecraft:custom":{"minecraft:jump":139,"minecraft:time_since_rest":50544,"minecraft:walk_on_water_one_cm":1174,"minecraft:leave_game":2,"minecraft:sprint_one_cm":15237,"minecraft:play_time":50544,"minecraft:time_since_death":50544,"minecraft:walk_one_cm":3790,"minecraft:sneak_time":41,"minecraft:total_world_time":50544,"minecraft:walk_under_water_one_cm":7840,"minecraft:swim_one_cm":1346,"minecraft:fall_one_cm":1103,"minecraft:fly_one_cm":755366}},"DataVersion":3465}