{"stats":{"minecraft:killed_by":{"minecraft:player":1,"minecraft:skeleton":1},"minecraft:custom":{"minecraft:jump":289,"minecraft:time_since_rest":14767,"minecraft:leave_game":1,"minecraft:damage_dealt":578,"minecraft:crouch_one_cm":429,"minecraft:deaths":2,"minecraft:sprint_one_cm":64796,"minecraft:play_time":38597,"minecraft:damage_taken":2885,"minecraft:time_since_death":14764,"minecraft:walk_one_cm":82705,"minecraft:sneak_time":241,"minecraft:total_world_time":38597,"minecraft:fall_one_cm":3420,"minecraft:fly_one_cm":192069}},"DataVersion":3465}