{"stats":{"minecraft:custom":{"minecraft:jump":962,"minecraft:time_since_rest":222404,"minecraft:deaths":1,"minecraft:damage_dealt":80,"minecraft:crouch_one_cm":98,"minecraft:play_time":640353,"minecraft:leave_game":2,"minecraft:sprint_one_cm":59064,"minecraft:damage_taken":1388,"minecraft:time_since_death":222403,"minecraft:walk_one_cm":156674,"minecraft:sneak_time":12,"minecraft:total_world_time":640353,"minecraft:fall_one_cm":173242,"minecraft:fly_one_cm":789679},"minecraft:killed_by":{"minecraft:player":1}},"DataVersion":3465}