{"stats":{"minecraft:killed_by":{"minecraft:player":2},"minecraft:custom":{"minecraft:jump":556,"minecraft:time_since_rest":108588,"minecraft:deaths":2,"minecraft:damage_dealt":205,"minecraft:walk_on_water_one_cm":458,"minecraft:crouch_one_cm":4762,"minecraft:sprint_one_cm":62339,"minecraft:leave_game":2,"minecraft:play_time":132486,"minecraft:damage_taken":2990,"minecraft:time_since_death":108583,"minecraft:walk_one_cm":40315,"minecraft:sneak_time":1229,"minecraft:total_world_time":132486,"minecraft:walk_under_water_one_cm":411,"minecraft:swim_one_cm":3756,"minecraft:fall_one_cm":5097,"minecraft:fly_one_cm":327323}},"DataVersion":3465}