{"stats":{"minecraft:picked_up":{"minecraft:cooked_beef":64},"minecraft:used":{"minecraft:cooked_beef":33},"minecraft:killed_by":{"minecraft:player":2},"minecraft:custom":{"minecraft:jump":127,"minecraft:time_since_rest":6123,"minecraft:damage_taken":5085,"minecraft:walk_one_cm":97447,"minecraft:crouch_one_cm":1167,"minecraft:leave_game":5,"minecraft:sprint_one_cm":38214,"minecraft:play_time":74579,"minecraft:time_since_death":6120,"minecraft:deaths":2,"minecraft:sneak_time":815,"minecraft:total_world_time":74579,"minecraft:interact_with_lectern":1,"minecraft:fall_one_cm":574,"minecraft:fly_one_cm":25429}},"DataVersion":3465}