{"stats":{"minecraft:custom":{"minecraft:jump":117,"minecraft:time_since_rest":1537,"minecraft:leave_game":1,"minecraft:deaths":1,"minecraft:damage_dealt":230,"minecraft:crouch_one_cm":8,"minecraft:sprint_one_cm":67899,"minecraft:play_time":18888,"minecraft:damage_taken":570,"minecraft:time_since_death":1536,"minecraft:walk_one_cm":71177,"minecraft:sneak_time":21,"minecraft:total_world_time":18888,"minecraft:fall_one_cm":1021,"minecraft:fly_one_cm":18328},"minecraft:picked_up":{"minecraft:cooked_beef":32},"minecraft:used":{"minecraft:cooked_beef":2},"minecraft:killed_by":{"minecraft:player":1}},"DataVersion":3465}