{"stats":{"minecraft:killed_by":{"minecraft:player":3},"minecraft:custom":{"minecraft:jump":372,"minecraft:time_since_rest":2041,"minecraft:walk_on_water_one_cm":632,"minecraft:crouch_one_cm":157,"minecraft:deaths":4,"minecraft:damage_dealt":369,"minecraft:play_time":18643,"minecraft:leave_game":2,"minecraft:sprint_one_cm":12940,"minecraft:damage_taken":1990,"minecraft:time_since_death":2035,"minecraft:walk_one_cm":41539,"minecraft:sneak_time":426,"minecraft:total_world_time":18643,"minecraft:walk_under_water_one_cm":1594,"minecraft:swim_one_cm":8940,"minecraft:fall_one_cm":5132,"minecraft:fly_one_cm":75540}},"DataVersion":3465}