{"stats":{"minecraft:dropped":{"minecraft:cooked_beef":7,"minecraft:golden_carrot":3},"minecraft:used":{"minecraft:sweet_berries":7,"minecraft:cooked_beef":79},"minecraft:killed":{"minecraft:sheep":1,"minecraft:skeleton":4},"minecraft:picked_up":{"minecraft:cooked_beef":70,"minecraft:golden_carrot":3,"minecraft:sweet_berries":62,"minecraft:mutton":2,"minecraft:white_wool":1},"minecraft:custom":{"minecraft:open_barrel":13,"minecraft:time_since_rest":709809,"minecraft:open_chest":2,"minecraft:crouch_one_cm":4546,"minecraft:play_time":709809,"minecraft:sprint_one_cm":794969,"minecraft:interact_with_loom":1,"minecraft:damage_taken":8287,"minecraft:walk_one_cm":263342,"minecraft:sneak_time":2596,"minecraft:walk_under_water_one_cm":17157,"minecraft:mob_kills":5,"minecraft:drop":10,"minecraft:jump":5975,"minecraft:damage_dealt":4629,"minecraft:leave_game":16,"minecraft:walk_on_water_one_cm":27774,"minecraft:time_since_death":709809,"minecraft:total_world_time":709809,"minecraft:swim_one_cm":1022256,"minecraft:fall_one_cm":151601,"minecraft:fly_one_cm":1745940}},"DataVersion":3465}