{"stats":{"minecraft:dropped":{"minecraft:filled_map":4,"minecraft:written_book":3},"minecraft:picked_up":{"minecraft:filled_map":1,"minecraft:written_book":3},"minecraft:killed_by":{"minecraft:player":1},"minecraft:used":{"minecraft:written_book":3},"minecraft:custom":{"minecraft:time_since_rest":2459,"minecraft:damage_taken":2513,"minecraft:leave_game":2,"minecraft:damage_dealt":1091,"minecraft:crouch_one_cm":99,"minecraft:sprint_one_cm":69816,"minecraft:play_time":23045,"minecraft:walk_one_cm":49996,"minecraft:time_since_death":2457,"minecraft:deaths":4,"minecraft:sneak_time":13,"minecraft:total_world_time":23045,"minecraft:drop":7,"minecraft:fall_one_cm":2082,"minecraft:fly_one_cm":140384,"minecraft:player_kills":1,"minecraft:jump":455}},"DataVersion":3465}