{"stats":{"minecraft:used":{"minecraft:writable_book":9,"minecraft:written_book":5},"minecraft:custom":{"minecraft:jump":600,"minecraft:time_since_rest":157452,"minecraft:damage_taken":870,"minecraft:damage_dealt":180,"minecraft:crouch_one_cm":6657,"minecraft:leave_game":9,"minecraft:sprint_one_cm":65967,"minecraft:play_time":157452,"minecraft:time_since_death":157452,"minecraft:walk_on_water_one_cm":1074,"minecraft:walk_one_cm":168518,"minecraft:sneak_time":3113,"minecraft:total_world_time":157452,"minecraft:walk_under_water_one_cm":2337,"minecraft:swim_one_cm":3059,"minecraft:interact_with_lectern":2,"minecraft:fall_one_cm":1367,"minecraft:fly_one_cm":183749}},"DataVersion":3465}