{"stats":{"minecraft:killed_by":{"minecraft:player":2},"minecraft:used":{"minecraft:cooked_beef":30},"minecraft:picked_up":{"minecraft:iron_ingot":6,"minecraft:cooked_beef":60,"minecraft:iron_sword":5,"minecraft:blaze_powder":3},"minecraft:custom":{"minecraft:jump":3434,"minecraft:damage_taken":6443,"minecraft:time_since_rest":159165,"minecraft:walk_one_cm":165033,"minecraft:leave_game":19,"minecraft:damage_dealt":608,"minecraft:crouch_one_cm":2626,"minecraft:sprint_one_cm":393750,"minecraft:time_since_death":159160,"minecraft:play_time":200801,"minecraft:walk_on_water_one_cm":655,"minecraft:deaths":2,"minecraft:sneak_time":482,"minecraft:total_world_time":200801,"minecraft:walk_under_water_one_cm":583,"minecraft:swim_one_cm":7292,"minecraft:fall_one_cm":106144,"minecraft:fly_one_cm":983283}},"DataVersion":3465}