{"stats":{"minecraft:killed_by":{"minecraft:player":8},"minecraft:custom":{"minecraft:time_since_rest":480375,"minecraft:crouch_one_cm":9429,"minecraft:deaths":9,"minecraft:play_time":558611,"minecraft:sprint_one_cm":282411,"minecraft:damage_taken":9737,"minecraft:walk_one_cm":277002,"minecraft:sneak_time":4283,"minecraft:walk_under_water_one_cm":431,"minecraft:drop":5,"minecraft:jump":2277,"minecraft:damage_dealt":102,"minecraft:leave_game":8,"minecraft:walk_on_water_one_cm":8694,"minecraft:time_since_death":480373,"minecraft:total_world_time":558611,"minecraft:fall_one_cm":73540,"minecraft:fly_one_cm":568008},"minecraft:dropped":{"minecraft:arrow":1,"minecraft:cooked_beef":4},"minecraft:used":{"minecraft:cooked_beef":8},"minecraft:picked_up":{"minecraft:cooked_beef":12,"minecraft:arrow":1,"minecraft:sweet_berries":3}},"DataVersion":3465}