{"stats":{"minecraft:killed":{"minecraft:zombie":1},"minecraft:picked_up":{"minecraft:torch":6,"minecraft:oak_log":17,"minecraft:yellow_bed":15,"minecraft:white_bed":2,"minecraft:dirt":2,"minecraft:rotten_flesh":6,"minecraft:hay_block":5},"minecraft:mined":{"minecraft:hay_block":5,"minecraft:white_bed":2,"minecraft:yellow_bed":15,"minecraft:torch":2,"minecraft:grass_block":2,"minecraft:oak_log":17,"minecraft:dirt":3},"minecraft:crafted":{"minecraft:oak_planks":68,"minecraft:crafting_table":1,"minecraft:bread":15,"minecraft:wheat":45},"minecraft:killed_by":{"minecraft:zombie":1},"minecraft:dropped":{"minecraft:torch":2},"minecraft:used":{"minecraft:bread":17,"minecraft:oak_planks":64,"minecraft:rotten_flesh":6,"minecraft:dirt":2,"minecraft:crafting_table":1,"minecraft:white_bed":2,"minecraft:yellow_bed":15,"minecraft:potato":6},"minecraft:custom":{"minecraft:time_since_rest":30619,"minecraft:sprint_one_cm":140571,"minecraft:damage_taken":2189,"minecraft:walk_one_cm":83642,"minecraft:mob_kills":2,"minecraft:drop":2,"minecraft:damage_dealt":744,"minecraft:interact_with_crafting_table":1,"minecraft:player_kills":1,"minecraft:fly_one_cm":153613,"minecraft:open_chest":9,"minecraft:crouch_one_cm":1892,"minecraft:play_time":94691,"minecraft:deaths":2,"minecraft:bell_ring":18,"minecraft:sneak_time":1478,"minecraft:jump":714,"minecraft:interact_with_brewingstand":2,"minecraft:leave_game":7,"minecraft:time_since_death":30614,"minecraft:walk_on_water_one_cm":185,"minecraft:sleep_in_bed":4,"minecraft:total_world_time":94691,"minecraft:fall_one_cm":13569,"minecraft:horse_one_cm":6796}},"DataVersion":3465}