{"stats":{"minecraft:killed_by":{"minecraft:player":1},"minecraft:dropped":{"minecraft:sweet_berries":26},"minecraft:custom":{"minecraft:jump":1401,"minecraft:time_since_rest":7498,"minecraft:leave_game":1,"minecraft:deaths":1,"minecraft:damage_dealt":1191,"minecraft:crouch_one_cm":3236,"minecraft:walk_on_water_one_cm":740,"minecraft:sprint_one_cm":158530,"minecraft:play_time":35005,"minecraft:damage_taken":3142,"minecraft:time_since_death":7495,"minecraft:walk_one_cm":68978,"minecraft:sneak_time":1052,"minecraft:total_world_time":35005,"minecraft:walk_under_water_one_cm":355,"minecraft:swim_one_cm":916,"minecraft:drop":14,"minecraft:fall_one_cm":37731,"minecraft:fly_one_cm":388625},"minecraft:picked_up":{"minecraft:sweet_berries":44}},"DataVersion":3465}