{"stats":{"minecraft:used":{"minecraft:cooked_beef":2},"minecraft:custom":{"minecraft:jump":1558,"minecraft:time_since_rest":62071,"minecraft:damage_dealt":2082,"minecraft:crouch_one_cm":2096,"minecraft:leave_game":1,"minecraft:sprint_one_cm":95236,"minecraft:play_time":62071,"minecraft:damage_taken":836,"minecraft:time_since_death":62071,"minecraft:walk_one_cm":69894,"minecraft:sneak_time":547,"minecraft:total_world_time":62071,"minecraft:fall_one_cm":13927,"minecraft:fly_one_cm":424506,"minecraft:player_kills":1}},"DataVersion":3465}