{"stats":{"minecraft:custom":{"minecraft:jump":446,"minecraft:time_since_rest":45704,"minecraft:damage_dealt":689,"minecraft:crouch_one_cm":362,"minecraft:leave_game":11,"minecraft:sprint_one_cm":88464,"minecraft:play_time":45704,"minecraft:damage_taken":1455,"minecraft:time_since_death":45704,"minecraft:walk_one_cm":45931,"minecraft:sneak_time":235,"minecraft:total_world_time":45704,"minecraft:drop":1,"minecraft:fall_one_cm":3326,"minecraft:fly_one_cm":94167},"minecraft:picked_up":{"minecraft:rotten_flesh":1,"minecraft:cobblestone":4},"minecraft:dropped":{"minecraft:cobblestone":1}},"DataVersion":3465}