{"stats":{"minecraft:custom":{"minecraft:jump":212,"minecraft:time_since_rest":10372,"minecraft:crouch_one_cm":576,"minecraft:damage_taken":600,"minecraft:walk_one_cm":26145,"minecraft:damage_dealt":20,"minecraft:leave_game":3,"minecraft:sprint_one_cm":63750,"minecraft:time_since_death":10368,"minecraft:play_time":24146,"minecraft:walk_on_water_one_cm":1016,"minecraft:deaths":1,"minecraft:sneak_time":1482,"minecraft:total_world_time":24146,"minecraft:walk_under_water_one_cm":33,"minecraft:swim_one_cm":595,"minecraft:fall_one_cm":2455,"minecraft:fly_one_cm":43254},"minecraft:used":{"minecraft:cooked_beef":3},"minecraft:picked_up":{"minecraft:cooked_beef":3}},"DataVersion":3465}