{"stats":{"minecraft:killed":{"minecraft:sheep":3,"minecraft:fox":1,"minecraft:cow":1},"minecraft:used":{"minecraft:stone_sword":21,"minecraft:golden_carrot":1,"minecraft:written_book":3,"minecraft:sweet_berries":85,"minecraft:cooked_beef":86},"minecraft:dropped":{"minecraft:filled_map":5,"minecraft:sweet_berries":81,"minecraft:cooked_beef":494,"minecraft:stone_sword":2,"minecraft:ladder":121,"minecraft:written_book":3},"minecraft:custom":{"minecraft:time_since_rest":66119,"minecraft:interact_with_smithing_table":1,"minecraft:sprint_one_cm":903515,"minecraft:damage_taken":15558,"minecraft:walk_one_cm":2303085,"minecraft:mob_kills":5,"minecraft:drop":556,"minecraft:damage_dealt":1866,"minecraft:talked_to_villager":5,"minecraft:swim_one_cm":95616,"minecraft:interact_with_crafting_table":1,"minecraft:fly_one_cm":3386507,"minecraft:player_kills":3,"minecraft:open_barrel":17,"minecraft:open_chest":7,"minecraft:crouch_one_cm":39385,"minecraft:play_time":1298399,"minecraft:interact_with_loom":1,"minecraft:deaths":3,"minecraft:sneak_time":14350,"minecraft:walk_under_water_one_cm":32571,"minecraft:interact_with_lectern":8,"minecraft:jump":15043,"minecraft:leave_game":27,"minecraft:time_since_death":66116,"minecraft:walk_on_water_one_cm":61438,"minecraft:interact_with_smoker":1,"minecraft:total_world_time":1298399,"minecraft:climb_one_cm":46609,"minecraft:fall_one_cm":296449,"minecraft:inspect_dispenser":1},"minecraft:killed_by":{"minecraft:player":3},"minecraft:picked_up":{"minecraft:cooked_beef":402,"minecraft:ladder":121,"minecraft:golden_carrot":1,"minecraft:sweet_berries":166,"minecraft:filled_map":2,"minecraft:stone_sword":2,"minecraft:beef":2,"minecraft:written_book":3,"minecraft:oak_sapling":1,"minecraft:mutton":4,"minecraft:white_wool":3}},"DataVersion":3465}