{"stats":{"minecraft:dropped":{"minecraft:sweet_berries":5},"minecraft:custom":{"minecraft:jump":1245,"minecraft:time_since_rest":31647,"minecraft:damage_dealt":918,"minecraft:crouch_one_cm":1678,"minecraft:leave_game":1,"minecraft:sprint_one_cm":108835,"minecraft:play_time":31647,"minecraft:damage_taken":2912,"minecraft:time_since_death":31647,"minecraft:walk_one_cm":61718,"minecraft:sneak_time":574,"minecraft:total_world_time":31647,"minecraft:drop":5,"minecraft:fall_one_cm":31766,"minecraft:fly_one_cm":334106,"minecraft:player_kills":1},"minecraft:picked_up":{"minecraft:sweet_berries":8}},"DataVersion":3465}