{"stats":{"minecraft:mined":{"minecraft:fire":2,"minecraft:lilac":3,"minecraft:grass":2,"minecraft:grass_block":85,"minecraft:dirt":103},"minecraft:picked_up":{"minecraft:stick":1,"minecraft:sandstone":1,"minecraft:cooked_beef":143,"minecraft:polished_blackstone_stairs":1,"minecraft:lilac":3,"minecraft:sweet_berries":12,"minecraft:dirt":191,"minecraft:stone_sword":1,"minecraft:arrow":5,"minecraft:writable_book":3,"minecraft:written_book":6,"minecraft:polished_blackstone_brick_wall":1,"minecraft:iron_sword":4},"minecraft:killed_by":{"minecraft:player":13},"minecraft:used":{"minecraft:polished_blackstone_slab":31,"minecraft:writable_book":12,"minecraft:stone_sword":70,"minecraft:cherry_wood":17,"minecraft:dirt_path":2083,"minecraft:stripped_jungle_log":44,"minecraft:grass_block":1,"minecraft:polished_blackstone_brick_wall":9,"minecraft:white_concrete_powder":35,"minecraft:sandstone":85,"minecraft:polished_blackstone_brick_stairs":13,"minecraft:stone":1,"minecraft:iron_sword":3,"minecraft:lilac":3,"minecraft:white_wool":2,"minecraft:dirt":190,"minecraft:written_book":16,"minecraft:sweet_berries":12,"minecraft:andesite_stairs":6,"minecraft:smooth_stone_slab":67,"minecraft:cooked_beef":77,"minecraft:stone_brick_wall":12,"minecraft:white_concrete":15,"minecraft:polished_granite_slab":52,"minecraft:polished_blackstone_stairs":34},"minecraft:dropped":{"minecraft:cherry_wood":1,"minecraft:dirt":1,"minecraft:cooked_beef":9,"minecraft:smooth_stone_slab":1,"minecraft:white_concrete":1,"minecraft:writable_book":2,"minecraft:sandstone":1,"minecraft:arrow":6,"minecraft:polished_blackstone_slab":1,"minecraft:written_book":5,"minecraft:stripped_jungle_log":1,"minecraft:white_concrete_powder":1,"minecraft:polished_blackstone_brick_wall":2,"minecraft:white_wool":1,"minecraft:polished_blackstone_stairs":2,"minecraft:stick":1},"minecraft:custom":{"minecraft:time_since_rest":8532,"minecraft:damage_taken":45446,"minecraft:sprint_one_cm":1001102,"minecraft:walk_one_cm":728143,"minecraft:drop":34,"minecraft:damage_dealt":3393,"minecraft:swim_one_cm":1885,"minecraft:player_kills":4,"minecraft:fly_one_cm":2392076,"minecraft:open_barrel":2,"minecraft:crouch_one_cm":5643,"minecraft:play_time":1741136,"minecraft:deaths":27,"minecraft:bell_ring":5,"minecraft:sneak_time":4895,"minecraft:walk_under_water_one_cm":2245,"minecraft:boat_one_cm":2021,"minecraft:jump":4356,"minecraft:leave_game":14,"minecraft:walk_on_water_one_cm":2139,"minecraft:time_since_death":8531,"minecraft:total_world_time":1741136,"minecraft:fall_one_cm":137131}},"DataVersion":3465}