{"stats":{"minecraft:picked_up":{"minecraft:dirt":13},"minecraft:used":{"minecraft:dirt":13},"minecraft:mined":{"minecraft:grass_block":6,"minecraft:dirt":8},"minecraft:custom":{"minecraft:jump":230,"minecraft:time_since_rest":33606,"minecraft:leave_game":2,"minecraft:damage_dealt":16,"minecraft:crouch_one_cm":1653,"minecraft:sprint_one_cm":38043,"minecraft:play_time":33606,"minecraft:damage_taken":1370,"minecraft:time_since_death":33606,"minecraft:walk_one_cm":67987,"minecraft:sneak_time":669,"minecraft:total_world_time":33606,"minecraft:fall_one_cm":8856,"minecraft:fly_one_cm":53611}},"DataVersion":3465}