{"stats":{"minecraft:killed_by":{"minecraft:player":1},"minecraft:picked_up":{"minecraft:written_book":2,"minecraft:cooked_beef":1,"minecraft:writable_book":1},"minecraft:used":{"minecraft:writable_book":4,"minecraft:cooked_beef":1,"minecraft:written_book":4},"minecraft:dropped":{"minecraft:written_book":1},"minecraft:custom":{"minecraft:jump":1037,"minecraft:time_since_rest":55516,"minecraft:damage_taken":4806,"minecraft:walk_one_cm":69753,"minecraft:leave_game":3,"minecraft:damage_dealt":98,"minecraft:crouch_one_cm":1112,"minecraft:sprint_one_cm":104324,"minecraft:play_time":88265,"minecraft:time_since_death":55515,"minecraft:deaths":6,"minecraft:sneak_time":382,"minecraft:total_world_time":88265,"minecraft:drop":1,"minecraft:fall_one_cm":3072,"minecraft:fly_one_cm":409047}},"DataVersion":3465}