{"stats":{"minecraft:used":{"minecraft:polished_deepslate_stairs":203,"minecraft:andesite_wall":13,"minecraft:mossy_cobblestone_stairs":15,"minecraft:oak_trapdoor":55,"minecraft:dark_oak_planks":56,"minecraft:stripped_dark_oak_wood":181,"minecraft:cobblestone_stairs":2,"minecraft:polished_deepslate":191,"minecraft:chiseled_deepslate":6,"minecraft:lantern":6,"minecraft:grass_block":364,"minecraft:oak_stairs":4,"minecraft:spruce_slab":75,"minecraft:polished_andesite":191,"minecraft:polished_andesite_stairs":100,"minecraft:spruce_planks":48,"minecraft:stone_slab":7,"minecraft:spruce_trapdoor":19,"minecraft:spruce_fence_gate":15,"minecraft:polished_andesite_slab":379,"minecraft:white_wool":361,"minecraft:polished_deepslate_slab":718,"minecraft:mossy_cobblestone":6,"minecraft:cobblestone":13,"minecraft:stripped_dark_oak_log":311,"minecraft:oak_slab":10,"minecraft:white_banner":61,"minecraft:brown_banner":5,"minecraft:spruce_stairs":45,"minecraft:stone_stairs":4,"minecraft:smooth_stone_slab":6,"minecraft:oak_wood":25,"minecraft:stripped_oak_log":20,"minecraft:cobbled_deepslate":46,"minecraft:spruce_fence":264,"minecraft:dark_oak_door":16,"minecraft:smooth_stone":22,"minecraft:stripped_spruce_log":71},"minecraft:picked_up":{"minecraft:white_banner":5},"minecraft:custom":{"minecraft:time_since_rest":673453,"minecraft:sprint_one_cm":33177,"minecraft:damage_taken":280,"minecraft:walk_one_cm":84576,"minecraft:damage_dealt":10,"minecraft:fly_one_cm":6130177,"minecraft:crouch_one_cm":16256,"minecraft:play_time":673453,"minecraft:sneak_time":16970,"minecraft:jump":415,"minecraft:time_since_death":673453,"minecraft:leave_game":11,"minecraft:walk_on_water_one_cm":336,"minecraft:climb_one_cm":144,"minecraft:total_world_time":673453,"minecraft:fall_one_cm":3238}},"DataVersion":3578}