{"stats":{"minecraft:used":{"minecraft:writable_book":5,"minecraft:golden_carrot":32,"minecraft:sweet_berries":4,"minecraft:cooked_beef":19},"minecraft:custom":{"minecraft:time_since_rest":963338,"minecraft:crouch_one_cm":8324,"minecraft:deaths":2,"minecraft:play_time":1594633,"minecraft:sprint_one_cm":684894,"minecraft:damage_taken":7243,"minecraft:walk_one_cm":313147,"minecraft:sneak_time":5466,"minecraft:walk_under_water_one_cm":3712,"minecraft:drop":128,"minecraft:interact_with_lectern":2,"minecraft:jump":6812,"minecraft:damage_dealt":734,"minecraft:leave_game":18,"minecraft:walk_on_water_one_cm":26657,"minecraft:time_since_death":963333,"minecraft:total_world_time":1594633,"minecraft:swim_one_cm":29428,"minecraft:fall_one_cm":128907,"minecraft:fly_one_cm":1965460},"minecraft:picked_up":{"minecraft:cooked_beef":91,"minecraft:golden_carrot":70,"minecraft:sweet_berries":60},"minecraft:dropped":{"minecraft:sweet_berries":56,"minecraft:cooked_beef":64,"minecraft:golden_carrot":8}},"DataVersion":3578}