{"stats":{"minecraft:used":{"minecraft:smooth_stone_slab":73,"minecraft:jungle_fence":25,"minecraft:polished_blackstone_slab":2,"minecraft:oak_trapdoor":14,"minecraft:spruce_planks":85,"minecraft:jungle_stairs":26,"minecraft:stripped_jungle_log":87,"minecraft:jungle_fence_gate":3,"minecraft:mud_brick_wall":72,"minecraft:red_wool":16,"minecraft:birch_leaves":1},"minecraft:custom":{"minecraft:jump":38,"minecraft:time_since_rest":48165,"minecraft:crouch_one_cm":580,"minecraft:sprint_one_cm":5650,"minecraft:leave_game":3,"minecraft:play_time":48165,"minecraft:time_since_death":48165,"minecraft:walk_one_cm":15169,"minecraft:sneak_time":1281,"minecraft:total_world_time":48165,"minecraft:fly_one_cm":293588}},"DataVersion":3465}