{"stats":{"minecraft:custom":{"minecraft:time_since_rest":569106,"minecraft:sprint_one_cm":52018,"minecraft:walk_one_cm":339377,"minecraft:interact_with_anvil":20,"minecraft:drop":1,"minecraft:inspect_hopper":7,"minecraft:interact_with_beacon":7,"minecraft:fly_one_cm":2172123,"minecraft:crouch_one_cm":16909,"minecraft:play_time":569106,"minecraft:sneak_time":13707,"minecraft:jump":710,"minecraft:time_since_death":569106,"minecraft:leave_game":2,"minecraft:climb_one_cm":80,"minecraft:total_world_time":569106,"minecraft:fall_one_cm":1325},"minecraft:dropped":{"minecraft:grass_block":1},"minecraft:picked_up":{"minecraft:lantern":3,"minecraft:azalea":1,"minecraft:oak_sapling":1},"minecraft:used":{"minecraft:polished_deepslate_stairs":1884,"minecraft:deepslate_brick_wall":7,"minecraft:azalea":1,"minecraft:oak_fence":1,"minecraft:stone_brick_slab":2,"minecraft:piston":5,"minecraft:lever":3,"minecraft:jungle_leaves":92,"minecraft:polished_deepslate":2,"minecraft:wither_skeleton_skull":2,"minecraft:red_wool":283,"minecraft:birch_leaves":37,"minecraft:lantern":6,"minecraft:grass_block":128,"minecraft:polished_deepslate_wall":9,"minecraft:dark_oak_leaves":6,"minecraft:stone":14,"minecraft:redstone_block":7,"minecraft:cauldron":1,"minecraft:beacon":1,"minecraft:grass":66,"minecraft:mossy_stone_brick_slab":6,"minecraft:stone_brick_stairs":13,"minecraft:bamboo":1,"minecraft:oak_leaves":1231,"minecraft:spruce_leaves":3,"minecraft:glow_berries":2,"minecraft:polished_blackstone_pressure_plate":1,"minecraft:polished_deepslate_slab":517,"minecraft:mossy_cobblestone":1,"minecraft:dirt":157,"minecraft:vine":107,"minecraft:sand":1,"minecraft:anvil":7,"minecraft:stripped_dark_oak_log":255,"minecraft:azalea_leaves":8,"minecraft:tall_grass":58,"minecraft:iron_trapdoor":2,"minecraft:hopper":10,"minecraft:oak_sapling":1,"minecraft:white_stained_glass_pane":1,"minecraft:andesite":1,"minecraft:acacia_leaves":2,"minecraft:chain":3,"minecraft:glass_pane":2,"minecraft:deepslate_brick_slab":12,"minecraft:skeleton_skull":1,"minecraft:oak_wood":973,"minecraft:sea_pickle":3,"minecraft:glow_lichen":1,"minecraft:spruce_fence":363,"minecraft:brown_candle":4,"minecraft:mossy_stone_brick_wall":2,"minecraft:bone_meal":7,"minecraft:large_fern":56,"minecraft:fern":33,"minecraft:mangrove_leaves":11}},"DataVersion":3465}