{"stats":{"minecraft:picked_up":{"minecraft:feather":2,"minecraft:cooked_beef":32,"minecraft:chicken":1,"minecraft:leather":1,"minecraft:beef":3,"minecraft:porkchop":2,"minecraft:light_gray_wool":1,"minecraft:mutton":3,"minecraft:white_wool":2},"minecraft:used":{"minecraft:mutton":3,"minecraft:beef":3,"minecraft:chicken":1,"minecraft:porkchop":2,"minecraft:cooked_beef":5},"minecraft:custom":{"minecraft:time_since_rest":36099,"minecraft:open_chest":11,"minecraft:damage_taken":4120,"minecraft:crouch_one_cm":9020,"minecraft:walk_one_cm":383712,"minecraft:play_time":249439,"minecraft:sprint_one_cm":533103,"minecraft:deaths":3,"minecraft:sneak_time":2919,"minecraft:walk_under_water_one_cm":1188,"minecraft:interact_with_lectern":1,"minecraft:jump":4371,"minecraft:damage_dealt":22,"minecraft:leave_game":5,"minecraft:walk_on_water_one_cm":1216,"minecraft:time_since_death":36095,"minecraft:total_world_time":249439,"minecraft:climb_one_cm":4312,"minecraft:swim_one_cm":7834,"minecraft:fall_one_cm":48612,"minecraft:fly_one_cm":1854455}},"DataVersion":3465}