{"stats":{"minecraft:custom":{"minecraft:jump":402,"minecraft:time_since_rest":4734,"minecraft:damage_taken":400,"minecraft:walk_one_cm":44961,"minecraft:damage_dealt":524,"minecraft:crouch_one_cm":967,"minecraft:leave_game":4,"minecraft:sprint_one_cm":78801,"minecraft:play_time":17189,"minecraft:time_since_death":4730,"minecraft:walk_on_water_one_cm":67,"minecraft:deaths":1,"minecraft:sneak_time":333,"minecraft:total_world_time":17189,"minecraft:walk_under_water_one_cm":696,"minecraft:swim_one_cm":8814,"minecraft:fall_one_cm":476,"minecraft:fly_one_cm":218982,"minecraft:player_kills":1}},"DataVersion":3465}