{"stats":{"minecraft:picked_up":{"minecraft:filled_map":1,"minecraft:written_book":11},"minecraft:killed_by":{"minecraft:player":7},"minecraft:used":{"minecraft:writable_book":11,"minecraft:written_book":4},"minecraft:dropped":{"minecraft:filled_map":1,"minecraft:writable_book":2,"minecraft:written_book":14},"minecraft:custom":{"minecraft:time_since_rest":12569,"minecraft:open_chest":12,"minecraft:crouch_one_cm":3012,"minecraft:play_time":67343,"minecraft:sprint_one_cm":201300,"minecraft:deaths":7,"minecraft:damage_taken":5344,"minecraft:walk_one_cm":181594,"minecraft:sneak_time":1046,"minecraft:pot_flower":1,"minecraft:drop":17,"minecraft:interact_with_lectern":7,"minecraft:jump":604,"minecraft:damage_dealt":2340,"minecraft:leave_game":2,"minecraft:walk_on_water_one_cm":190,"minecraft:time_since_death":12568,"minecraft:total_world_time":67343,"minecraft:fall_one_cm":810,"minecraft:fly_one_cm":326076,"minecraft:player_kills":1}},"DataVersion":3465}