{"stats":{"minecraft:used":{"minecraft:azalea":15,"minecraft:moss_block":6,"minecraft:nether_brick_fence":5,"minecraft:writable_book":6,"minecraft:stone_sword":25,"minecraft:waxed_weathered_copper":89,"minecraft:polished_deepslate":115,"minecraft:flint_and_steel":24,"minecraft:armor_stand":1,"minecraft:spruce_slab":1343,"minecraft:polished_blackstone":1,"minecraft:elytra":1,"minecraft:oak_sign":8,"minecraft:white_concrete_powder":260,"minecraft:spruce_planks":1947,"minecraft:stone":156,"minecraft:iron_sword":303,"minecraft:zombie_spawn_egg":4,"minecraft:waxed_weathered_cut_copper_stairs":21,"minecraft:stripped_crimson_stem":5,"minecraft:soul_campfire":1,"minecraft:bee_spawn_egg":2,"minecraft:torch":1,"minecraft:dirt":116,"minecraft:brick_slab":176,"minecraft:prismarine_bricks":4,"minecraft:spruce_stairs":259,"minecraft:prismarine_brick_stairs":45,"minecraft:cobblestone_wall":2,"minecraft:carrot":1,"minecraft:stone_stairs":212,"minecraft:deepslate_tile_slab":21,"minecraft:deepslate_brick_slab":24,"minecraft:spruce_fence":1681,"minecraft:stripped_spruce_log":164,"minecraft:milk_bucket":1,"minecraft:fern":35,"minecraft:polished_deepslate_stairs":4865,"minecraft:andesite_wall":6,"minecraft:glass":30,"minecraft:waxed_oxidized_copper":1,"minecraft:dark_oak_planks":454,"minecraft:wooden_axe":3,"minecraft:packed_ice":1,"minecraft:stripped_dark_oak_wood":70,"minecraft:iron_axe":86,"minecraft:spruce_wood":1,"minecraft:red_wool":374,"minecraft:muddy_mangrove_roots":2,"minecraft:lantern":13,"minecraft:grass_block":560,"minecraft:packed_mud":8,"minecraft:smooth_sandstone":39,"minecraft:polished_deepslate_wall":38,"minecraft:polished_andesite_stairs":316,"minecraft:dark_oak_wood":30,"minecraft:mud_bricks":16,"minecraft:stone_bricks":82,"minecraft:smooth_basalt":38,"minecraft:warped_stairs":5,"minecraft:bow":20,"minecraft:written_book":1,"minecraft:mangrove_roots":1,"minecraft:oak_sapling":2,"minecraft:deepslate_tile_stairs":7,"minecraft:podzol":15,"minecraft:egg":1,"minecraft:orange_terracotta":71,"minecraft:polished_blackstone_stairs":17,"minecraft:golden_axe":292,"minecraft:dark_oak_stairs":25,"minecraft:cobblestone_stairs":3,"minecraft:dirt_path":45,"minecraft:snow_block":161,"minecraft:stripped_acacia_log":29,"minecraft:polished_andesite":104,"minecraft:prismarine":1,"minecraft:prismarine_stairs":3,"minecraft:andesite_slab":458,"minecraft:smooth_sandstone_slab":67,"minecraft:sandstone":32,"minecraft:cut_sandstone":3,"minecraft:cracked_stone_bricks":1,"minecraft:oak_leaves":413,"minecraft:white_wool":2709,"minecraft:polished_deepslate_slab":3862,"minecraft:sand":129,"minecraft:stripped_dark_oak_log":6774,"minecraft:terracotta":59,"minecraft:light_blue_wool":250,"minecraft:crossbow":27,"minecraft:blue_ice":3,"minecraft:light_gray_concrete_powder":2,"minecraft:note_block":2,"minecraft:lingering_potion":4,"minecraft:stone_brick_wall":2,"minecraft:cobbled_deepslate_stairs":4,"minecraft:spruce_log":52,"minecraft:dark_oak_door":6,"minecraft:deepslate_brick_stairs":152,"minecraft:oak_log":74,"minecraft:dark_prismarine":1,"minecraft:warped_trapdoor":4,"minecraft:diamond_shovel":4,"minecraft:chiseled_sandstone":3,"minecraft:stripped_jungle_log":6,"minecraft:dark_oak_log":549,"minecraft:string":6,"minecraft:red_terracotta":4,"minecraft:polished_andesite_slab":421,"minecraft:diamond_sword":12,"minecraft:fire_charge":2,"minecraft:cobblestone":94,"minecraft:potion":4,"minecraft:cobbled_deepslate_slab":24,"minecraft:dark_oak_fence":168,"minecraft:waxed_oxidized_cut_copper_stairs":1,"minecraft:andesite_stairs":369,"minecraft:andesite":148,"minecraft:smooth_stone_slab":516,"minecraft:white_concrete":552,"minecraft:bone_meal":37,"minecraft:smooth_stone":123,"minecraft:soul_torch":20},"minecraft:killed_by":{"minecraft:player":3},"minecraft:picked_up":{"minecraft:string":2,"minecraft:smooth_stone_slab":1,"minecraft:armor_stand":1,"minecraft:item_frame":1,"minecraft:gold_nugget":2,"minecraft:written_book":7,"minecraft:egg":1,"minecraft:spruce_fence":1,"minecraft:note_block":1,"minecraft:cookie":4,"minecraft:carrot":1,"minecraft:stone_sword":1,"minecraft:arrow":2,"minecraft:rotten_flesh":36,"minecraft:blaze_powder":10,"minecraft:cobblestone":10,"minecraft:cooked_beef":67,"minecraft:red_mushroom":1,"minecraft:filled_map":5,"minecraft:yellow_bed":1,"minecraft:dirt":8,"minecraft:bone":7,"minecraft:wheat_seeds":4,"minecraft:iron_ingot":2,"minecraft:iron_sword":2,"minecraft:milk_bucket":1,"minecraft:dandelion":1,"minecraft:grass_block":1,"minecraft:white_concrete_powder":4,"minecraft:writable_book":4,"minecraft:baked_potato":1,"minecraft:oak_sapling":7,"minecraft:mangrove_propagule":1},"minecraft:mined":{"minecraft:grass_block":1,"minecraft:note_block":1,"minecraft:grass":1},"minecraft:custom":{"minecraft:mob_kills":124,"minecraft:leave_game":228,"minecraft:time_since_death":287765,"minecraft:climb_one_cm":218,"minecraft:sprint_one_cm":2502253,"minecraft:walk_one_cm":6472898,"minecraft:drop":69,"minecraft:play_noteblock":8,"minecraft:play_time":22801402,"minecraft:deaths":11,"minecraft:sneak_time":218309,"minecraft:walk_under_water_one_cm":40246,"minecraft:interact_with_lectern":1,"minecraft:jump":19370,"minecraft:walk_on_water_one_cm":46782,"minecraft:total_world_time":22801402,"minecraft:tune_noteblock":42,"minecraft:time_since_rest":287766,"minecraft:damage_taken":28034,"minecraft:damage_dealt":36433,"minecraft:fly_one_cm":56128612,"minecraft:player_kills":54,"minecraft:open_chest":7,"minecraft:crouch_one_cm":237496,"minecraft:aviate_one_cm":1936830,"minecraft:fall_one_cm":613333},"minecraft:killed":{"minecraft:spider":1,"minecraft:phantom":1,"minecraft:skeleton":2,"minecraft:wolf":1,"minecraft:zombie_villager":1,"minecraft:ravager":1,"minecraft:zombie":78,"minecraft:wither_skeleton":1},"minecraft:dropped":{"minecraft:iron_ingot":8,"minecraft:iron_sword":12,"minecraft:wheat_seeds":1,"minecraft:cooked_beef":641,"minecraft:oak_log":1,"minecraft:cobblestone":1,"minecraft:gold_nugget":1,"minecraft:writable_book":4,"minecraft:bone":1,"minecraft:stone_sword":2,"minecraft:blaze_powder":14,"minecraft:debug_stick":1,"minecraft:spruce_fence":1,"minecraft:light":1,"minecraft:filled_map":2,"minecraft:oak_sapling":1,"minecraft:golden_sword":1,"minecraft:written_book":2,"minecraft:egg":1}},"DataVersion":3578}