{"stats":{"minecraft:dropped":{"minecraft:flower_pot":1,"minecraft:white_banner":4},"minecraft:custom":{"minecraft:time_since_rest":470215,"minecraft:sprint_one_cm":59223,"minecraft:damage_taken":320,"minecraft:walk_one_cm":505387,"minecraft:drop":5,"minecraft:damage_dealt":10,"minecraft:fly_one_cm":2334500,"minecraft:open_chest":1,"minecraft:interact_with_loom":11,"minecraft:crouch_one_cm":12200,"minecraft:play_time":470215,"minecraft:sneak_time":13914,"minecraft:pot_flower":13,"minecraft:jump":474,"minecraft:leave_game":4,"minecraft:time_since_death":470215,"minecraft:walk_on_water_one_cm":43,"minecraft:total_world_time":470215,"minecraft:fall_one_cm":1157},"minecraft:picked_up":{"minecraft:dark_oak_door":3,"minecraft:flower_pot":1,"minecraft:white_banner":5},"minecraft:used":{"minecraft:moss_block":76,"minecraft:mossy_stone_bricks":2,"minecraft:glass":53,"minecraft:dark_oak_planks":229,"minecraft:flower_pot":15,"minecraft:chiseled_bookshelf":324,"minecraft:water_bucket":77,"minecraft:cherry_wood":335,"minecraft:writable_book":1424,"minecraft:iron_bars":2,"minecraft:polished_deepslate":33,"minecraft:spruce_door":16,"minecraft:flint_and_steel":36,"minecraft:light_gray_stained_glass_pane":86,"minecraft:lantern":96,"minecraft:spruce_slab":756,"minecraft:oak_stairs":6,"minecraft:dark_oak_sign":11,"minecraft:redstone":22,"minecraft:jungle_fence":97,"minecraft:spruce_planks":89,"minecraft:dark_oak_wood":179,"minecraft:andesite_slab":3,"minecraft:white_concrete_powder":182,"minecraft:lectern":4,"minecraft:decorated_pot":4,"minecraft:chest":15,"minecraft:light_blue_bed":4,"minecraft:spruce_trapdoor":145,"minecraft:composter":2,"minecraft:oak_pressure_plate":2,"minecraft:glow_ink_sac":4,"minecraft:spruce_fence_gate":7,"minecraft:stone_bricks":6,"minecraft:polished_andesite_slab":3,"minecraft:oak_leaves":26,"minecraft:pink_bed":2,"minecraft:white_wool":357,"minecraft:polished_deepslate_slab":481,"minecraft:red_carpet":60,"minecraft:cobblestone":1,"minecraft:stripped_dark_oak_log":941,"minecraft:oak_slab":4,"minecraft:loom":2,"minecraft:red_bed":2,"minecraft:white_banner":52,"minecraft:stripped_oak_wood":147,"minecraft:brown_banner":21,"minecraft:spruce_stairs":12,"minecraft:stone_stairs":141,"minecraft:andesite":3,"minecraft:bamboo_block":55,"minecraft:jungle_slab":1,"minecraft:campfire":4,"minecraft:deepslate_brick_slab":56,"minecraft:smooth_stone_slab":87,"minecraft:black_bed":2,"minecraft:painting":22,"minecraft:glow_lichen":4,"minecraft:beehive":13,"minecraft:spruce_fence":306,"minecraft:spruce_log":26,"minecraft:stripped_spruce_log":129,"minecraft:candle":80,"minecraft:smooth_stone":26,"minecraft:dark_oak_door":24,"minecraft:gray_stained_glass":50,"minecraft:polished_deepslate_stairs":802}},"DataVersion":3465}