{"stats":{"minecraft:picked_up":{"minecraft:sweet_berries":40},"minecraft:custom":{"minecraft:jump":581,"minecraft:time_since_rest":11333,"minecraft:damage_dealt":296,"minecraft:damage_taken":948,"minecraft:walk_one_cm":45616,"minecraft:crouch_one_cm":117,"minecraft:leave_game":2,"minecraft:sprint_one_cm":88222,"minecraft:play_time":23616,"minecraft:time_since_death":11285,"minecraft:walk_on_water_one_cm":4996,"minecraft:deaths":1,"minecraft:sneak_time":768,"minecraft:total_world_time":23616,"minecraft:walk_under_water_one_cm":750,"minecraft:swim_one_cm":27236,"minecraft:fall_one_cm":9967,"minecraft:fly_one_cm":170094}},"DataVersion":3465}